month,category,amount
2026-01,rent,900
2026-01,food,473
2026-01,transport,168
2026-01,health,180
2026-01,home,179
2026-01,fun,189
2026-01,subscriptions,66
2026-01,other,44
2026-01,pets,31
2026-01,books,18
2026-02,rent,900
2026-02,food,511
2026-02,transport,157
2026-02,health,121
2026-02,home,234
2026-02,fun,223
2026-02,subscriptions,55
2026-02,gifts,38
2026-02,other,66
2026-02,pets,39
2026-02,books,27
2026-03,rent,900
2026-03,food,498
2026-03,transport,280
2026-03,health,117
2026-03,home,302
2026-03,fun,160
2026-03,subscriptions,56
2026-03,other,47
2026-03,pets,27
2026-03,books,31
2026-04,rent,900
2026-04,food,425
2026-04,transport,226
2026-04,health,178
2026-04,home,226
2026-04,fun,190
2026-04,subscriptions,52
2026-04,other,44
2026-04,pets,25
2026-04,books,29
2026-05,rent,900
2026-05,food,509
2026-05,transport,190
2026-05,health,173
2026-05,home,239
2026-05,fun,161
2026-05,subscriptions,85
2026-05,gifts,52
2026-05,other,52
2026-05,pets,32
2026-05,books,26
2026-06,rent,900
2026-06,food,660
2026-06,transport,247
2026-06,health,142
2026-06,home,321
2026-06,fun,140
2026-06,subscriptions,68
2026-06,other,72
2026-06,pets,24
2026-06,books,25
